Ben Stark -> #REDIRECT [[Benjen Stark]]

[[Category:Redirects from aliases, nicknames, and pseudonyms]]
Benerro -> #REDIRECT [[Kinvara#In the books]]

[[Category:Redirects to sections]]
Benjen -> #REDIRECT [[Benjen Stark]]

[[Category:Redirects from partial names]]
Bernie Caulfield -> #REDIRECT [[Bernadette Caulfield]]

[[Category:Redirects from aliases, nicknames, and pseudonyms]]
Betrayers -> #REDIRECT [[Mutineers]]
Bittersteel -> #REDIRECT [[Aegor Rivers]]

[[Category:Redirects from aliases, nicknames, and pseudonyms]]
Black Dragon -> #REDIRECT [[Daemon Blackfyre]]

[[Category:Redirects from aliases, nicknames, and pseudonyms]]
Black Dread -> #REDIRECT [[Balerion]]

[[Category:Redirects from aliases, nicknames, and pseudonyms]]
Black Goat of Qohor -> #REDIRECT [[Black Goat]]
Black Of Hair -> #REDIRECT [[Game of Thrones (Music from the HBO Series)]]
Black Queen -> #REDIRECT [[Rhaenyra Targaryen]]

[[Category:Redirects from aliases, nicknames, and pseudonyms]]
Black Tom Heddle -> #REDIRECT [[Tommard Heddle]]

[[Category:Redirects from aliases, nicknames, and pseudonyms]]
Black Walder -> #REDIRECT [[Walder Rivers]]

[[Category:Redirects from aliases, nicknames, and pseudonyms]]
Black Walder Frey -> #REDIRECT [[Walder Rivers]]

[[Category:Redirects from aliases, nicknames, and pseudonyms]]
Black Walder Rivers -> #REDIRECT [[Walder Rivers]]

[[Category:Redirects from aliases, nicknames, and pseudonyms]]
Black council -> #REDIRECT [[Black Council]]

[[Category:Redirects from alternate capitalization]]
Blackfire -> #REDIRECT [[Blackfyre]]

[[Category:Redirects from misspellings]]
Blackfish -> #REDIRECT [[Brynden Tully]]

[[Category:Redirects from aliases, nicknames, and pseudonyms]]
Blackfish Tully -> #REDIRECT [[Brynden Tully]]

[[Category:Redirects from aliases, nicknames, and pseudonyms]]
Blackfyre Pretenders -> #REDIRECT [[House Blackfyre]]

[[Category:Redirects from aliases, nicknames, and pseudonyms]]
Bleeding Years -> #REDIRECT [[Century of Blood]]

[[Category:Redirects from alternate names]]
Blood Wyrm -> #REDIRECT [[Caraxes]]

[[Category:Redirects from aliases, nicknames, and pseudonyms]]
Blood and Cheese (track) -> #REDIRECT [[House of the Dragon: Season 2 (Soundtrack from the HBO Series)]]
Blood of My Blood (track) -> #REDIRECT [[Game of Thrones: Season 6 (Music from the HBO Series)]]
Blood of Old Valyria -> #REDIRECT [[Valyrians]]

[[Category:Redirects from alternate names]]
Blood of the Dragon -> #REDIRECT [[Valyrians]]

[[Category:Redirects from alternate names]]
Blood of the Dragon (track) -> #REDIRECT [[Game of Thrones: Season 5 (Music from the HBO Series)]]
Bloodlines Will Burn -> #REDIRECT [[House of the Dragon: Season 1 (Soundtrack from the HBO Series)]]
Bloodraven -> #REDIRECT [[Brynden Rivers]]

[[Category:Redirects from aliases, nicknames, and pseudonyms]]
Bloodriders -> #REDIRECT [[Bloodrider]]

[[Category:Redirects from plural]]
Blue Lake -> #REDIRECT [[Red Lake]]

[[Category:Redirects from alternate names]]
Blue Queen -> #REDIRECT [[Tessarion]]

[[Category:Redirects from aliases, nicknames, and pseudonyms]]
Bog devils -> #REDIRECT [[Crannogmen]]

[[Category:Redirects from aliases, nicknames, and pseudonyms]]
Bolton -> #REDIRECT [[House Bolton]]

[[Category:Redirects from partial names]]
Books -> #REDIRECT [[Merchandise/Books]]
Born Together -> #REDIRECT [[House of the Dragon: Season 2 (Soundtrack from the HBO Series)]]
Born with Other Names -> #REDIRECT [[House of the Dragon: Season 2 (Soundtrack from the HBO Series)]]
Boros the Belly -> #REDIRECT [[Boros Blount]]

[[Category:Redirects from aliases, nicknames, and pseudonyms]]
Bowls of brown -> #REDIRECT [[Bowl of brown]]

[[Category:Redirects from plural]]
Braavos of the Hundred Isles -> #REDIRECT [[Braavos]]

[[Category:Redirects from aliases, nicknames, and pseudonyms]]
Braavosi -> #REDIRECT [[Braavos]]

[[Category:Redirects from demonyms]]
Braavosian coastlands -> #REDIRECT [[Braavosian Coastlands]]

[[Category:Redirects from alternate capitalization]]
Bran -> #REDIRECT [[Bran Stark]]

[[Category:Redirects from partial names]]
Bran I Stark -> #REDIRECT [[Bran Stark]]

[[Category:Redirects from alternate names]]
Bran I the Broken -> #REDIRECT [[Bran Stark]]

[[Category:Redirects from aliases, nicknames, and pseudonyms]]
Bran the Broken -> #REDIRECT [[Bran Stark]]

[[Category:Redirects from aliases, nicknames, and pseudonyms]]
Bran the Builder -> #REDIRECT [[Brandon the Builder]]

[[Category:Redirects from aliases, nicknames, and pseudonyms]]
Brandon I Stark -> #REDIRECT [[Bran Stark]]

[[Category:Redirects from alternate names]]
Brandon Stark (Builder) -> #REDIRECT [[Brandon the Builder]]
Brandon Stark (son of Eddard) -> #REDIRECT [[Bran Stark]]

[[Category:Redirects from alternate names]]
Brandon the Breaker -> #REDIRECT [[Brandon Stark (Breaker)]]

[[Category:Redirects from aliases, nicknames, and pseudonyms]]
Bravo's dance -> #REDIRECT [[Water dance]]

[[Category:Redirects from alternate names]]
Bravos -> #REDIRECT [[Bravo]]
Break the Wheel -> #REDIRECT [[Game of Thrones: Season 8 (Music from the HBO Series)]]
Breakbones -> #REDIRECT [[Harwin Strong]]

[[Category:Redirects from aliases, nicknames, and pseudonyms]]
Breaker of Chains (track) -> #REDIRECT [[Game of Thrones: Season 4 (Music from the HBO Series)]]
Brienne -> #REDIRECT [[Brienne of Tarth]]

[[Category:Redirects from partial names]]
Brienne Tarth -> #REDIRECT [[Brienne of Tarth]]

[[Category:Redirects from alternate names]]
Brienne the Beauty -> #REDIRECT [[Brienne of Tarth]]

[[Category:Redirects from aliases, nicknames, and pseudonyms]]
Brienne the Blue -> #REDIRECT [[Brienne of Tarth]]

[[Category:Redirects from aliases, nicknames, and pseudonyms]]
Brigand -> #REDIRECT [[Outlaw]]

[[Category:Redirects from alternate names]]
Bright Prince -> #REDIRECT [[Aerion Targaryen]]

[[Category:Redirects from aliases, nicknames, and pseudonyms]]
Brightwater -> #REDIRECT [[Brightwater Keep]]

[[Category:Redirects from partial names]]
Bronn of the Blackwater -> #REDIRECT [[Bronn]]

[[Category:Redirects from aliases, nicknames, and pseudonyms]]
Bronze Fury -> #REDIRECT [[Vermithor]]

[[Category:Redirects from aliases, nicknames, and pseudonyms]]
Bronze Yohn -> #REDIRECT [[Yohn Royce]]

[[Category:Redirects from aliases, nicknames, and pseudonyms]]
Bronze bitch -> #REDIRECT [[Rhea Royce]]

[[Category:Redirects from aliases, nicknames, and pseudonyms]]
Brothel madam -> #REDIRECT [[Sylvi]]
Brother Lancel -> #REDIRECT [[Lancel Lannister]]

[[Category:Redirects from alternate names]]
Brotherhood -> #REDIRECT [[Brotherhood Without Banners]]

[[Category:Redirects from partial names]]
Brotherhood without Banners -> #REDIRECT [[Brotherhood Without Banners]]

[[Category:Redirects from alternate capitalization]]
Brown -> #REDIRECT [[Bowl of brown]]

[[Category:Redirects from partial names]]
Brynden Blackfish -> #REDIRECT [[Brynden Tully]]

[[Category:Redirects from aliases, nicknames, and pseudonyms]]
Brynden the Blackfish -> #REDIRECT [[Brynden Tully]]

[[Category:Redirects from aliases, nicknames, and pseudonyms]]
Burning of the Iron Islands -> #REDIRECT [[The Old Way]]
Butcher's Ball -> #REDIRECT [[The Dance of Dragons]]
C&R -> #REDIRECT [[Game of Thrones: Conquest & Rebellion: An Animated History of the Seven Kingdoms]]

[[Category:Redirects from abbreviations]]
CAR -> #REDIRECT [[Game of Thrones: Conquest & Rebellion: An Animated History of the Seven Kingdoms]]

[[Category:Redirects from abbreviations]]
CC Smiff -> #REDIRECT [[C.C. Smiff]]

[[Category:Redirects from alternate spellings]]
CaR -> #REDIRECT [[Game of Thrones: Conquest & Rebellion: An Animated History of the Seven Kingdoms]]

[[Category:Redirects from abbreviations]]
Captain Strickland -> #REDIRECT [[Harry Strickland]]

[[Category:Redirects from alternate names]]
Carice Van Houten -> #REDIRECT [[Carice van Houten]]

[[Category:Redirects from alternate spellings]]
Carpenter -> #REDIRECT [[Smith]]

[[Category:Redirects from alternate names]]
Cass -> #REDIRECT [[Cassandra Baratheon]]

[[Category:Redirects from aliases, nicknames, and pseudonyms]]
Cassana -> #REDIRECT [[Cassana Baratheon]]

[[Category:Redirects from partial names]]
Cassana Estermont -> #REDIRECT [[Cassana Baratheon]]

[[Category:Redirects from alternate names]]
Casterly Rock (track) -> #REDIRECT [[Game of Thrones: Season 7 (Music from the HBO Series)]]
Castle Goldengrove -> #REDIRECT [[Goldengrove]]

[[Category:Redirects from alternate names]]
Catelyn -> #REDIRECT [[Catelyn Stark]]

[[Category:Redirects from partial names]]
Catelyn Tully -> #REDIRECT [[Catelyn Stark]]

[[Category:Redirects from alternate names]]
Catelyn Tully Stark -> #REDIRECT [[Catelyn Stark]]

[[Category:Redirects from alternate names]]
Catspaw dagger -> #REDIRECT [[Valyrian steel dagger]]

[[Category:Redirects from alternate names]]
Cave dwellers -> #REDIRECT [[Cave people]]

[[Category:Redirects from alternate names]]
Cave of the three-eyed raven -> #REDIRECT [[Cave of the Three-Eyed Raven]]

[[Category:Redirects from alternate capitalization]]
Cedric Storm -> #REDIRECT [[Cedrik Storm]]

[[Category:Redirects from misspellings]]
Celebration Dance -> #REDIRECT [[House of the Dragon: Season 1 (Soundtrack from the HBO Series)]]
Cersei -> #REDIRECT [[Cersei Lannister]]

[[Category:Redirects from partial names]]
Cersei's black-haired son -> #REDIRECT [[Robert Baratheon's son]]

[[Category:Redirects from alternate names]]
Cersei Baratheon -> #REDIRECT [[Cersei Lannister]]

[[Category:Redirects from alternate names]]
Cersei I Lannister -> #REDIRECT [[Cersei Lannister]]

[[Category:Redirects from alternate names]]
Cerwyn -> #REDIRECT [[Castle Cerwyn]]

[[Category:Redirects from partial names]]
Chains -> #REDIRECT [[The Bear and the Maiden Fair (episode)]]
Chamber of the Painted Table -> #REDIRECT [[Painted Table]]
Chaos Is a Ladder -> #REDIRECT [[Game of Thrones: Season 3 (Music from the HBO Series)]]
Chella daughter of Cheyk -> #REDIRECT [[Chella]]

[[Category:Redirects from alternate names]]
Children -> #REDIRECT [[Children of the Forest]]

[[Category:Redirects from alternate names]]
Chivalry -> #REDIRECT [[knighthood]]

[[Category:Redirects from alternate names]]
Chloe Bruce -> #REDIRECT [[Chloé Bruce]]

[[Category:Redirects from misspellings]]
Choosing -> #REDIRECT [[Elections]]

[[Category:Redirects from alternate names]]
Chris Cox -> #REDIRECT [[Christopher Cox]]

[[Category:Redirects from aliases, nicknames, and pseudonyms]]
